{
  "0":
  {
  "name": "Memorial Student Center",
  "center": [
    30.612292,
    -96.341466
  ],
  "polygon": [
    [
      30.612158,
      -96.342539
    ],
    [
      30.612899,
      -96.341386
    ],
    [
      30.613181,
      -96.340959
    ],
    [
      30.612576,
      -96.340393
    ],
    [
      30.612283,
      -96.340611
    ],
    [
      30.611403,
      -96.341812
    ]
  ],
  "entrances": [
    [
      30.612862,
      -96.340654
    ],
    [
      30.611999,
      -96.341018
    ]
  ]
},
  "1":
{
"name": "Cushing Memorial Library",
"center": [30.616496, -96.339742],
"polygon": [
[30.616406, -96.340176],
[30.61668, -96.340031],
[30.617241, -96.339272],
[30.617435, -96.339001],
[30.616907, -96.338519],
[30.616219, -96.339589],
[30.616161, -96.339956]
],
"entrances":[
[30.616288, -96.340093],
[30.61717, -96.338755]
]
},
  "2":
{
"name": "Glasscock Center",
"center": [30.617341, -96.338492],
"polygon": [
[30.617433, -96.338728],
[30.617553, -96.338559],
[30.617232, -96.338253],
[30.617107, -96.33843]
],
"entrances": [
[30.617403, -96.338409]
]
},
  "3":
{
"name": "Rudder Tower",
"center": [30.612855, -96.340275],
"polygon": [
[30.612858, -96.340447],
[30.612996, -96.340262],
[30.612802, -96.340077],
[30.612666, -96.340275]
],
"entrances": [
[30.612927, -96.340155]
]
},
  "4":
{
"name": "The Pavillion",
"center": [30.616837, -96.338017],
"polygon": [
[30.616766, -96.33835],
[30.6171, -96.337867],
[30.616909, -96.337679],
[30.616572, -96.338162]
],
"entrances": [
[30.617013, -96.337784]
]
},
  "5":
  {
    "name": "Test Building",
    "center": [30.6185836, -96.3384769],
    "polygon": [
      [30.616766, -96.33835],
      [30.6171, -96.337867],
      [30.616909, -96.337679],
      [30.616572, -96.338162]
    ],
    "entrances": [
      [30.6186836, -96.3385769],
      [30.6184836, -96.3383769]
    ]
  }
}